123 Log Analyzer Report
Domain name:www.advancedbd.net
Using Filter: 
generated on Mon Sep 08 16:58:21 2003

Time Period:01/Jul/2003:01:43:47 - 01/Aug/2003:12:54:36 total 32 day(s)

General Statistics
Total Hits,324
Total Cached Hits,1
Average Hits Per Day,10
Average Hits Per Hour,0
Average Hits Per Visitor,32.4
Average Data Transferred per Hit,1.8 KB
Total Visitors,10
Average Visitors Per Day ,0
Average Time Spent,72 Seconds
Average PageViews per visitor,2.30
Average Downloads per visitor,0.00
Average Data Transferred per Visitor,57.2 KB
Total Uniq IPs,10
Visitors Who Visit Once,10
Visitors Who Visit more than Once,0
Total PageViews,23
Average PageViews Per Day,0
Total File Downloads,0
Average File Downloads Per Day,0
Total Images,283
Average Images Per Day,8
Total failed requests,4
Total Incomplete File downloads requests,0
Number of visitors bookmarked your web site,0
Total Data Transferred,572.31 KB
Average Data Transferred per Day,17.88 KB


Access Report
Daily Report
Date,Hits,Visitors,Uniq IPs,Data Transferred(KB)
Tue Jul 01 2003,277,7,7,387
Wed Jul 02 2003,0,0,0,0
Thu Jul 03 2003,0,0,0,0
Fri Jul 04 2003,0,0,0,0
Sat Jul 05 2003,0,0,0,0
Sun Jul 06 2003,0,0,0,0
Mon Jul 07 2003,0,0,0,0
Tue Jul 08 2003,0,0,0,0
Wed Jul 09 2003,0,0,0,0
Thu Jul 10 2003,0,0,0,0
Fri Jul 11 2003,0,0,0,0
Sat Jul 12 2003,0,0,0,0
Sun Jul 13 2003,0,0,0,0
Mon Jul 14 2003,0,0,0,0
Tue Jul 15 2003,0,0,0,0
Wed Jul 16 2003,0,0,0,0
Thu Jul 17 2003,0,0,0,0
Fri Jul 18 2003,0,0,0,0
Sat Jul 19 2003,0,0,0,0
Sun Jul 20 2003,0,0,0,0
Mon Jul 21 2003,0,0,0,0
Tue Jul 22 2003,0,0,0,0
Wed Jul 23 2003,0,0,0,0
Thu Jul 24 2003,0,0,0,0
Fri Jul 25 2003,0,0,0,0
Sat Jul 26 2003,0,0,0,0
Sun Jul 27 2003,0,0,0,0
Mon Jul 28 2003,0,0,0,0
Tue Jul 29 2003,0,0,0,0
Wed Jul 30 2003,0,0,0,0
Thu Jul 31 2003,0,0,0,0
Fri Aug 01 2003,47,3,3,185
Weekly Report
Day of week,Hits, Visitors,Uniq IPs,Data Transferred(KB)
 Sunday,0,0,0,0
Monday,0,0,0,0
Tuesday,277,7,7,387
Wednesday,0,0,0,0
Thursday,0,0,0,0
Friday,47,3,3,185
Saturday,0,0,0,0
Hourly Report
Hour of day,Hits,Visitors,Uniq IPs,Data Transferred(KB)00:00-00:59,0,0,0,0
01:00-01:59,1,1,1,7
02:00-02:59,0,0,0,0
03:00-03:59,1,1,1,0
04:00-04:59,0,0,0,0
05:00-05:59,0,0,0,0
06:00-06:59,0,0,0,0
07:00-07:59,1,1,1,0
08:00-08:59,0,0,0,0
09:00-09:59,2,2,2,11
10:00-10:59,0,0,0,0
11:00-11:59,0,0,0,0
12:00-12:59,45,1,1,173
13:00-13:59,40,1,1,138
14:00-14:59,0,0,0,0
15:00-15:59,1,1,1,0
16:00-16:59,2,1,1,7
17:00-17:59,231,1,1,233
18:00-18:59,0,0,0,0
19:00-19:59,0,0,0,0
20:00-20:59,0,0,0,0
21:00-21:59,0,0,0,0
22:00-22:59,0,0,0,0
23:00-23:59,0,0,0,0
Daily Pageviews Report
Date,Pageviews,Total Visitor Stay Length,Average Visitor Stay Length
Tue Jul 01 2003,15,54 secs,7 secs
Wed Jul 02 2003,0,0 secs,0 secs
Thu Jul 03 2003,0,0 secs,0 secs
Fri Jul 04 2003,0,0 secs,0 secs
Sat Jul 05 2003,0,0 secs,0 secs
Sun Jul 06 2003,0,0 secs,0 secs
Mon Jul 07 2003,0,0 secs,0 secs
Tue Jul 08 2003,0,0 secs,0 secs
Wed Jul 09 2003,0,0 secs,0 secs
Thu Jul 10 2003,0,0 secs,0 secs
Fri Jul 11 2003,0,0 secs,0 secs
Sat Jul 12 2003,0,0 secs,0 secs
Sun Jul 13 2003,0,0 secs,0 secs
Mon Jul 14 2003,0,0 secs,0 secs
Tue Jul 15 2003,0,0 secs,0 secs
Wed Jul 16 2003,0,0 secs,0 secs
Thu Jul 17 2003,0,0 secs,0 secs
Fri Jul 18 2003,0,0 secs,0 secs
Sat Jul 19 2003,0,0 secs,0 secs
Sun Jul 20 2003,0,0 secs,0 secs
Mon Jul 21 2003,0,0 secs,0 secs
Tue Jul 22 2003,0,0 secs,0 secs
Wed Jul 23 2003,0,0 secs,0 secs
Thu Jul 24 2003,0,0 secs,0 secs
Fri Jul 25 2003,0,0 secs,0 secs
Sat Jul 26 2003,0,0 secs,0 secs
Sun Jul 27 2003,0,0 secs,0 secs
Mon Jul 28 2003,0,0 secs,0 secs
Tue Jul 29 2003,0,0 secs,0 secs
Wed Jul 30 2003,0,0 secs,0 secs
Thu Jul 31 2003,0,0 secs,0 secs
Fri Aug 01 2003,8,11 mins 12 secs,3 mins 44 secs


Visitor Information
Most Recent Visitors
Rank#,IP address,Domain name,Country,Time of Last Access,Who owns this IP address
1,160.91.172.40,Disabled,United States of America,01/Aug/2003:12:43:24,N/A
2,213.157.180.5,Disabled,Romania,01/Aug/2003:09:14:13,N/A
3,161.132.124.174,Disabled,Peru,01/Aug/2003:09:00:31,N/A
4,208.213.104.138,Disabled,United States of America,01/Jul/2003:17:22:45,N/A
5,161.196.146.71,Disabled,Venezuela,01/Jul/2003:16:19:27,N/A
6,200.69.25.153,Disabled,United States of America,01/Jul/2003:15:49:28,N/A
7,65.221.178.194,Disabled,United States of America,01/Jul/2003:13:42:44,N/A
8,213.46.47.102,Disabled,Netherlands,01/Jul/2003:07:58:07,N/A
9,194.96.66.174,Disabled,Austria,01/Jul/2003:03:57:52,N/A
10,161.132.124.110,Disabled,Peru,01/Jul/2003:01:43:47,N/A
Visitors who had the most hits on the web site
Rank#,IP address,Domain name,Country,Total Hits,Who owns this IP address
1,208.213.104.138,Disabled,United States of America,231,N/A
2,160.91.172.40,Disabled,United States of America,45,N/A
3,65.221.178.194,Disabled,United States of America,40,N/A
4,161.196.146.71,Disabled,Venezuela,2,N/A
5,161.132.124.110,Disabled,Peru,1,N/A
6,161.132.124.174,Disabled,Peru,1,N/A
7,194.96.66.174,Disabled,Austria,1,N/A
8,200.69.25.153,Disabled,United States of America,1,N/A
9,213.46.47.102,Disabled,Netherlands,1,N/A
10,213.157.180.5,Disabled,Romania,1,N/A
Visitors who used the most bandwidth
Rank#,IP address,Domain name,Country,Bandwidth(Megabytes),Who owns this IP address
1,208.213.104.138,Disabled,United States of America,0.23,N/A
2,160.91.172.40,Disabled,United States of America,0.17,N/A
3,65.221.178.194,Disabled,United States of America,0.13,N/A
4,161.196.146.71,Disabled,Venezuela,0.01,N/A
5,161.132.124.110,Disabled,Peru,0.01,N/A
6,161.132.124.174,Disabled,Peru,0.01,N/A
7,213.157.180.5,Disabled,Romania,0.00,N/A
8,200.69.25.153,Disabled,United States of America,0.00,N/A
9,213.46.47.102,Disabled,Netherlands,0.00,N/A
10,194.96.66.174,Disabled,Austria,0.00,N/A
Visitors who spent the most time on the web site
Rank#,IP address,Domain name,Country,Visitor Stay Length,Who owns this IP address
1,160.91.172.40,Disabled,United States of America,11 mins 12 secs,N/A
2,208.213.104.138,Disabled,United States of America,35 secs,N/A
3,65.221.178.194,Disabled,United States of America,19 secs,N/A
4,161.132.124.110,Disabled,Peru,0 secs,N/A
5,161.132.124.174,Disabled,Peru,0 secs,N/A
6,161.196.146.71,Disabled,Venezuela,0 secs,N/A
7,194.96.66.174,Disabled,Austria,0 secs,N/A
8,200.69.25.153,Disabled,United States of America,0 secs,N/A
9,213.46.47.102,Disabled,Netherlands,0 secs,N/A
10,213.157.180.5,Disabled,Romania,0 secs,N/A
Top Authenticated Visitors
Rank#,User Name,Last Visit Time,Visits,PageViews,Stay Length,Bandwidth(Megabytes)
1,Non Authenticated Visitors,01/Aug/2003:12:43:24,10,23,12 mins 6 secs,0.56


Visiting Spiders (Automated programs which search the Internet)
Rank#,Spider,Hits


Web pages and files statistics
Most Popular Web Pages
Rank#,Page,Hits,Incomplete requests,Visits,Data Transfered(KB)
1,/index.html,5,0,3,32
2,/whoweare.html,3,0,3,21
3,/questions.html,3,0,3,37
4,/products.html,3,0,3,17
5,/benefits.html,3,0,3,25
6,/examples.html,3,0,3,17
7,/companyinfo.html,3,0,3,18
Most Downloaded Files
Rank#,File,Hits,Incomplete requests,Visits,Data Transfered(KB)
Most Popular Images
Rank#,Image,Hits,Incomplete requests,Data Transfered(KB)
1,/images/links_home_on.gif,12,0,7
2,/images/links_examples_on.gif,12,0,7
3,/images/template_collage.jpg,11,0,98
4,/images/links_companyinfo_on.gif,11,0,7
5,/images/links_benefits_on.gif,11,0,7
6,/images/links_companyinfo_off.gif,11,0,7
7,/images/template_title.gif,11,0,20
8,/images/links_whoweare_off.gif,11,0,7
9,/images/links_top.gif,11,0,5
10,/images/links_products_on.gif,11,0,7
Most Popular Directories
Rank#,Directory,Hits,Data Transfered(KB)
1,/images/,283,369
2,/,33,176
Top Entry Pages and Files
Rank#,Page/File,Count
1,/index.html,3
Top Exit Pages and Files
Rank#,Page/File,Count
1,/products.html,2
2,/index.html,1
Most Path Throughs
Rank#,Path,Count,Percentage
1,/index.html->/whoweare.html->/companyinfo.html->/examples.html->/benefits.html->/questions.html->/products.html,1,33.33%
2,/index.html->/benefits.html->/index.html->/whoweare.html->/companyinfo.html->/examples.html->/questions.html->/products.html,1,33.33%
3,/index.html->/whoweare.html->/companyinfo.html->/examples.html->/benefits.html->/questions.html->/products.html->/index.html,1,33.33%


Top Referring Domains
Most linked domains
Rank#,Domain,Hits
1,No Referrer,241
2,advancedbd.net,83
Top Referring URLs
Rank#,URL,Hits
1,No Referrer,241
2,http://www.advancedbd.net/,54
3,http://www.advancedbd.net/benefits.html,10
4,http://www.advancedbd.net/whoweare.html,5
5,http://www.advancedbd.net/questions.html,4
6,http://www.advancedbd.net/companyinfo.html,4
7,http://www.advancedbd.net/examples.html,3
8,http://www.advancedbd.net/index.html,2
9,http://www.advancedbd.net/products.html,1


Top Search Engines
Rank#,Search Engine,Hits
1,Northern Light,0
2,Netscape Search,0
3,Overture/GOTO.COM/Go.com,0
4,Search.com,0
5,Mamma.com,0
6,Metacrawler(Go2Net),0
7,MSN Search,0
8,iWon,0
9,Yahoo,0
10,ilse,0
11,Swiss Search Engine: Search.ch,0
12,Teoma,0
13,WWW.FIREBALL.DE,0
14,AOL Search,0
15,DirectHit,0
16,AskJeeves,0
17,Dogpile,0
18,Excite,0
19,About.com,0
20,Altavista,0
21,Lycos,0
22,LookSmart,0
23,HotBot(Lycos),0
24,FAST/All The Web,0
25,Goo.net.jp,0
26,Google,0
Top Search Phrases and keywords
Rank#,Search Phrases,Counts,Rank#,Search words,Counts
Top Search Phrases on each Search Engine
Rank#,Search Phrases,Count
Google (0 Hits)
Yahoo (0 Hits)
MSN Search (0 Hits)
Altavista (0 Hits)
AOL Search (0 Hits)
Lycos (0 Hits)
HotBot(Lycos) (0 Hits)
Overture/GOTO.COM/Go.com (0 Hits)
Netscape Search (0 Hits)
Excite (0 Hits)
WWW.FIREBALL.DE (0 Hits)
DirectHit (0 Hits)
LookSmart (0 Hits)
Dogpile (0 Hits)
Metacrawler(Go2Net) (0 Hits)
Search.com (0 Hits)
About.com (0 Hits)
iWon (0 Hits)
FAST/All The Web (0 Hits)
Mamma.com (0 Hits)
AskJeeves (0 Hits)
Northern Light (0 Hits)
Teoma (0 Hits)
ilse (0 Hits)
Swiss Search Engine: Search.ch (0 Hits)
Goo.net.jp (0 Hits)


Web Business Performance Report

General Marketing Performance Report
Campaign Name(Filter Name),None
Total Cost($) ,1,000.00
Total Sales($) ,10,000.00
Total Orders ,100
Total Profit ,9,000.00
ROI ,1000.00
Cost per Day ,31.25
Sales per Day ,312.50
Profit per Day ,281.25
Orders per Day ,3.13
Cost per Order ,10.00
Sales per Order ,100.00
Profit per Order ,90.00
Total Visitors ,10
Total Unique IPs ,10
Cost per Visitor ,100.00
Cost per Unique IP ,100.00
Orders per 1000 Visitors,10,000.00
Orders per 1000 Unique IPs ,10,000.00
Sales per Visitor ,1,000.00
Sales per Unique IP ,1,000.00
Profit per Visitor ,900.00
Profit per Unique IP ,900.00
Total data transferred ,572.31 KB
Cost per MB Traffic ,N/A
Orders per MB Traffic ,N/A
Sales per MB Traffic ,N/A
Profit per MB Traffic ,N/A
Total Page Views ,23
Total File Dowmloads ,0
Cost per Page View ,43.48
Orders per 1000 Page Views ,4,347.82
Sales per Page View ,434.78
Profit per Page View ,391.30
Cost per File Download ,N/A
Orders per 1000 File Downloads ,N/A
Sales per File Download ,N/A
Profit per File Download ,N/A
Conversion Analysis By Target Web Page Views
Rank#,Page,Visitors, % of Total Visitors,Cost per Visitor($), Conversion Rate(%), Sales per Visitor($), Profit per Visitor($)
Total,,0,0.00,N/A,N/A,N/A,N/A
Conversion Analysis By Target File Downloads
Rank#,Page,Visitors, % of Total Visitors,Cost per Visitor($), Conversion Rate(%), Sales per Visitor($), Profit per Visitor($)
Total,,0,0.00,N/A,N/A,N/A,N/A


Web Access Errors Report
Page Not Found Errors(404 Error)
NO.,Request,Referrer,Count
1,/default.ida?XXXXXXXXXXXXXXXXXXXXXXXXXXXXXXXXXXX
XXXXXXXXXXXXXXXXXXXXXXXXXXXXXXXXXXXXXXXXXXXXXXXX
XXXXXXXXXXXXXXXXXXXXXXXXXXXXXXXXXXXXXXXXXXXXXXXX
XXXXXXXXXXXXXXXXXXXXXXXXXXXXXXXXXXXXXXXXXXXXXXXX
XXXXXXXXXXXXXXXXXXXXXXXXXXXXXXXXXXXXXXXXXXXXX%u9
090%u6858%ucbd3%u7801%u9090%u6858%ucbd3%u7801%u9
090%u6858%ucbd3%u7801%u9090%u9090%u8190%u00c3%u0
003%u8b00%u531b%u53ff%u0078%u0000%u00=a,No referrer,2
2,/scripts/root.exe?/c+dir,No referrer,1
3,/MSADC/root.exe?/c+dir,No referrer,1
Other Errors Report
NO.,Error Code,Request,Referrer,Count
1,411,/,No referrer,2
2,400,/,No referrer,1
3,501,-,No referrer,1


Top Geographic Regions Report
Most Active Countries
Rank#,Countries,Visitors,Page Views,File Downloads,Total Data Transferred
1,United States of America,4,23 (100.00%),0 (0.00%),545.83 KB (95.37%)
2,Peru,2,0 (0.00%),0 (0.00%),14.73 KB (2.57%)
3,Venezuela,1,0 (0.00%),0 (0.00%),7.42 KB (1.30%)
4,Austria,1,0 (0.00%),0 (0.00%),0.00 KB (0.00%)
5,Netherlands,1,0 (0.00%),0 (0.00%),0.24 KB (0.04%)
6,Romania,1,0 (0.00%),0 (0.00%),4.09 KB (0.71%)
Top US States
Rank#,State,Visitors,Total Data Transferred
Top US Cities
Rank#,City,State,Visitors,Total Data Transferred


